poke_name,image,Weakness1,weakness2,weakness3,weakness4
Bulbasaur,https://assets.pokemon.com/assets/cms2/img/pokedex/full/001.png,Fire, Flying, Ice, Psychic
Ivysaur,https://assets.pokemon.com/assets/cms2/img/pokedex/full/002.png,Fire, Flying, Ice, Psychic
Venusaur,https://assets.pokemon.com/assets/cms2/img/pokedex/full/003.png,Fire, Flying, Ice, Psychic
Charmander,https://assets.pokemon.com/assets/cms2/img/pokedex/full/004.png,Ground,,,
Charmeleon,https://assets.pokemon.com/assets/cms2/img/pokedex/full/005.png,Ground,,,
Charizard,https://assets.pokemon.com/assets/cms2/img/pokedex/full/006.png,Rock, Dragon, Water, Water
Squirtle,https://assets.pokemon.com/assets/cms2/img/pokedex/full/007.png,Electric,,,
Wartortle,https://assets.pokemon.com/assets/cms2/img/pokedex/full/008.png,Electric,,,
Blastoise,https://assets.pokemon.com/assets/cms2/img/pokedex/full/009.png,Electric, Electric,,
Caterpie,https://assets.pokemon.com/assets/cms2/img/pokedex/full/010.png,Fire, Flying,,
Metapod,https://assets.pokemon.com/assets/cms2/img/pokedex/full/011.png,Fire, Flying,,
Butterfree,https://assets.pokemon.com/assets/cms2/img/pokedex/full/012.png,Rock, Flying, Flying, Ice
Weedle,https://assets.pokemon.com/assets/cms2/img/pokedex/full/013.png,Fire, Flying, Rock,
Kakuna,https://assets.pokemon.com/assets/cms2/img/pokedex/full/014.png,Fire, Flying, Rock,
Beedrill,https://assets.pokemon.com/assets/cms2/img/pokedex/full/015.png,Fire, Flying, Rock, Psychic
Pidgey,https://assets.pokemon.com/assets/cms2/img/pokedex/full/016.png,Electric,,,
Pidgeotto,https://assets.pokemon.com/assets/cms2/img/pokedex/full/017.png,Electric,,,
Pidgeot,https://assets.pokemon.com/assets/cms2/img/pokedex/full/018.png,Electric, Ice,,
Rattata,https://assets.pokemon.com/assets/cms2/img/pokedex/full/019.png,Fighting, Fighting,,
Raticate,https://assets.pokemon.com/assets/cms2/img/pokedex/full/020.png,Fighting, Fighting,,
Spearow,https://assets.pokemon.com/assets/cms2/img/pokedex/full/021.png,Electric,,,
Fearow,https://assets.pokemon.com/assets/cms2/img/pokedex/full/022.png,Electric,,,
Ekans,https://assets.pokemon.com/assets/cms2/img/pokedex/full/023.png,Ground,,,
Arbok,https://assets.pokemon.com/assets/cms2/img/pokedex/full/024.png,Ground,,,
Pikachu,https://assets.pokemon.com/assets/cms2/img/pokedex/full/025.png,Ground,,,
Raichu,https://assets.pokemon.com/assets/cms2/img/pokedex/full/026.png,Ground, Bug,,
Sandshrew,https://assets.pokemon.com/assets/cms2/img/pokedex/full/027.png,Grass, Fire,,
Sandslash,https://assets.pokemon.com/assets/cms2/img/pokedex/full/028.png,Grass, Fire,,
Nidoran,https://assets.pokemon.com/assets/cms2/img/pokedex/full/029.png,Ground,,,
Nidorina,https://assets.pokemon.com/assets/cms2/img/pokedex/full/030.png,Ground,,,
Nidoqueen,https://assets.pokemon.com/assets/cms2/img/pokedex/full/031.png,Ground, Water,,
Nidoran,https://assets.pokemon.com/assets/cms2/img/pokedex/full/032.png,Ground,,,
Nidorino,https://assets.pokemon.com/assets/cms2/img/pokedex/full/033.png,Ground,,,
Nidoking,https://assets.pokemon.com/assets/cms2/img/pokedex/full/034.png,Ground, Water,,
Clefairy,https://assets.pokemon.com/assets/cms2/img/pokedex/full/035.png,Steel,,,
Clefable,https://assets.pokemon.com/assets/cms2/img/pokedex/full/036.png,Steel,,,
Vulpix,https://assets.pokemon.com/assets/cms2/img/pokedex/full/037.png,Ground, Fire, Rock,
Ninetales,https://assets.pokemon.com/assets/cms2/img/pokedex/full/038.png,Ground, Fire, Rock,
Jigglypuff,https://assets.pokemon.com/assets/cms2/img/pokedex/full/039.png,Steel,,,
Wigglytuff,https://assets.pokemon.com/assets/cms2/img/pokedex/full/040.png,Steel,,,
Zubat,https://assets.pokemon.com/assets/cms2/img/pokedex/full/041.png,Electric, Rock,,
Golbat,https://assets.pokemon.com/assets/cms2/img/pokedex/full/042.png,Electric, Rock,,
Oddish,https://assets.pokemon.com/assets/cms2/img/pokedex/full/043.png,Fire, Flying, Ice, Psychic
Gloom,https://assets.pokemon.com/assets/cms2/img/pokedex/full/044.png,Fire, Flying, Ice, Psychic
Vileplume,https://assets.pokemon.com/assets/cms2/img/pokedex/full/045.png,Fire, Flying, Ice, Psychic
Paras,https://assets.pokemon.com/assets/cms2/img/pokedex/full/046.png,Fire, Flying, Ice,
Parasect,https://assets.pokemon.com/assets/cms2/img/pokedex/full/047.png,Fire, Flying, Ice,
Venonat,https://assets.pokemon.com/assets/cms2/img/pokedex/full/048.png,Fire, Flying, Rock,
Venomoth,https://assets.pokemon.com/assets/cms2/img/pokedex/full/049.png,Fire, Flying, Rock,
Diglett,https://assets.pokemon.com/assets/cms2/img/pokedex/full/050.png,Grass, Fire, Ground,
Dugtrio,https://assets.pokemon.com/assets/cms2/img/pokedex/full/051.png,Grass, Fire, Ground,
Meowth,https://assets.pokemon.com/assets/cms2/img/pokedex/full/052.png,Fighting, Fighting, Ground,
Persian,https://assets.pokemon.com/assets/cms2/img/pokedex/full/053.png,Fighting, Fighting,,
Psyduck,https://assets.pokemon.com/assets/cms2/img/pokedex/full/054.png,Electric,,,
Golduck,https://assets.pokemon.com/assets/cms2/img/pokedex/full/055.png,Electric,,,
Mankey,https://assets.pokemon.com/assets/cms2/img/pokedex/full/056.png,Flying,,,
Primeape,https://assets.pokemon.com/assets/cms2/img/pokedex/full/057.png,Flying,,,
Growlithe,https://assets.pokemon.com/assets/cms2/img/pokedex/full/058.png,Ground,,,
Arcanine,https://assets.pokemon.com/assets/cms2/img/pokedex/full/059.png,Ground,,,
Poliwag,https://assets.pokemon.com/assets/cms2/img/pokedex/full/060.png,Electric,,,
Poliwhirl,https://assets.pokemon.com/assets/cms2/img/pokedex/full/061.png,Electric,,,
Poliwrath,https://assets.pokemon.com/assets/cms2/img/pokedex/full/062.png,Electric, Flying, Psychic,
Abra,https://assets.pokemon.com/assets/cms2/img/pokedex/full/063.png,Bug,,,
Kadabra,https://assets.pokemon.com/assets/cms2/img/pokedex/full/064.png,Bug,,,
Alakazam,https://assets.pokemon.com/assets/cms2/img/pokedex/full/065.png,Bug, Ghost,,
Machop,https://assets.pokemon.com/assets/cms2/img/pokedex/full/066.png,Flying,,,
Machoke,https://assets.pokemon.com/assets/cms2/img/pokedex/full/067.png,Flying,,,
Machamp,https://assets.pokemon.com/assets/cms2/img/pokedex/full/068.png,Flying, Psychic, Flying,
Bellsprout,https://assets.pokemon.com/assets/cms2/img/pokedex/full/069.png,Fire, Flying, Ice, Psychic
Weepinbell,https://assets.pokemon.com/assets/cms2/img/pokedex/full/070.png,Fire, Flying, Ice, Psychic
Victreebel,https://assets.pokemon.com/assets/cms2/img/pokedex/full/071.png,Fire, Flying, Ice, Psychic
Tentacool,https://assets.pokemon.com/assets/cms2/img/pokedex/full/072.png,Electric,,,
Tentacruel,https://assets.pokemon.com/assets/cms2/img/pokedex/full/073.png,Electric,,,
Geodude,https://assets.pokemon.com/assets/cms2/img/pokedex/full/074.png,Grass, Ground, Water, Ground
Graveler,https://assets.pokemon.com/assets/cms2/img/pokedex/full/075.png,Grass, Ground, Water, Ground
Golem,https://assets.pokemon.com/assets/cms2/img/pokedex/full/076.png,Grass, Ground, Water, Ground
Ponyta,https://assets.pokemon.com/assets/cms2/img/pokedex/full/077.png,Ground, Ghost,,
Ponyta,https://assets.pokemon.com/assets/cms2/img/pokedex/full/077.png,Ground, Ghost,,
Rapidash,https://assets.pokemon.com/assets/cms2/img/pokedex/full/078.png,Ground, Ghost,,
Slowpoke,https://assets.pokemon.com/assets/cms2/img/pokedex/full/079.png,Bug, Ghost,,
Slowbro,https://assets.pokemon.com/assets/cms2/img/pokedex/full/080.png,Bug, Ghost, Dark, Bug
Magnemite,https://assets.pokemon.com/assets/cms2/img/pokedex/full/081.png,Ground,,,
Magneton,https://assets.pokemon.com/assets/cms2/img/pokedex/full/082.png,Ground,,,
Farfetch'd,https://assets.pokemon.com/assets/cms2/img/pokedex/full/083.png,Electric, Psychic, Flying,
Doduo,https://assets.pokemon.com/assets/cms2/img/pokedex/full/084.png,Electric,,,
Dodrio,https://assets.pokemon.com/assets/cms2/img/pokedex/full/085.png,Electric,,,
Seel,https://assets.pokemon.com/assets/cms2/img/pokedex/full/086.png,Electric,,,
Dewgong,https://assets.pokemon.com/assets/cms2/img/pokedex/full/087.png,Electric, Rock,,
Grimer,https://assets.pokemon.com/assets/cms2/img/pokedex/full/088.png,Ground,,,
Muk,https://assets.pokemon.com/assets/cms2/img/pokedex/full/089.png,Ground,,,
Shellder,https://assets.pokemon.com/assets/cms2/img/pokedex/full/090.png,Electric,,,
Cloyster,https://assets.pokemon.com/assets/cms2/img/pokedex/full/091.png,Electric, Rock,,
Gastly,https://assets.pokemon.com/assets/cms2/img/pokedex/full/092.png,Dark,,,
Haunter,https://assets.pokemon.com/assets/cms2/img/pokedex/full/093.png,Dark,,,
Gengar,https://assets.pokemon.com/assets/cms2/img/pokedex/full/094.png,Dark, Ghost, Ground, Psychic
Onix,https://assets.pokemon.com/assets/cms2/img/pokedex/full/095.png,Grass, Ground,,
Drowzee,https://assets.pokemon.com/assets/cms2/img/pokedex/full/096.png,Bug,,,
Hypno,https://assets.pokemon.com/assets/cms2/img/pokedex/full/097.png,Bug,,,
Krabby,https://assets.pokemon.com/assets/cms2/img/pokedex/full/098.png,Electric,,,
Kingler,https://assets.pokemon.com/assets/cms2/img/pokedex/full/099.png,Electric, Electric,,
Voltorb,https://assets.pokemon.com/assets/cms2/img/pokedex/full/100.png,Ground,,,
Electrode,https://assets.pokemon.com/assets/cms2/img/pokedex/full/101.png,Ground,,,
Exeggcute,https://assets.pokemon.com/assets/cms2/img/pokedex/full/102.png,Bug, Flying, Ice, Poison
Exeggutor,https://assets.pokemon.com/assets/cms2/img/pokedex/full/103.png,Bug, Flying, Ice, Poison
Cubone,https://assets.pokemon.com/assets/cms2/img/pokedex/full/104.png,Grass,,,
Marowak,https://assets.pokemon.com/assets/cms2/img/pokedex/full/105.png,Grass, Water, Dark,
Hitmonlee,https://assets.pokemon.com/assets/cms2/img/pokedex/full/106.png,Flying,,,
Hitmonchan,https://assets.pokemon.com/assets/cms2/img/pokedex/full/107.png,Flying,,,
Lickitung,https://assets.pokemon.com/assets/cms2/img/pokedex/full/108.png,Fighting,,,
Koffing,https://assets.pokemon.com/assets/cms2/img/pokedex/full/109.png,Psychic,,,
Weezing,https://assets.pokemon.com/assets/cms2/img/pokedex/full/110.png,Psychic, Ground,,
Rhyhorn,https://assets.pokemon.com/assets/cms2/img/pokedex/full/111.png,Grass, Ground,,
Rhydon,https://assets.pokemon.com/assets/cms2/img/pokedex/full/112.png,Grass, Ground,,
Chansey,https://assets.pokemon.com/assets/cms2/img/pokedex/full/113.png,Fighting,,,
Tangela,https://assets.pokemon.com/assets/cms2/img/pokedex/full/114.png,Bug, Ice,,
Kangaskhan,https://assets.pokemon.com/assets/cms2/img/pokedex/full/115.png,Fighting,,,
Horsea,https://assets.pokemon.com/assets/cms2/img/pokedex/full/116.png,Electric,,,
Seadra,https://assets.pokemon.com/assets/cms2/img/pokedex/full/117.png,Electric,,,
Goldeen,https://assets.pokemon.com/assets/cms2/img/pokedex/full/118.png,Electric,,,
Seaking,https://assets.pokemon.com/assets/cms2/img/pokedex/full/119.png,Electric,,,
Staryu,https://assets.pokemon.com/assets/cms2/img/pokedex/full/120.png,Electric,,,
Starmie,https://assets.pokemon.com/assets/cms2/img/pokedex/full/121.png,Bug, Ghost,,
Mr. Mime,https://assets.pokemon.com/assets/cms2/img/pokedex/full/122.png,Ghost, Steel, Dark,
Scyther,https://assets.pokemon.com/assets/cms2/img/pokedex/full/123.png,Rock, Flying,,
Jynx,https://assets.pokemon.com/assets/cms2/img/pokedex/full/124.png,Bug, Ghost,,
Electabuzz,https://assets.pokemon.com/assets/cms2/img/pokedex/full/125.png,Ground,,,
Magmar,https://assets.pokemon.com/assets/cms2/img/pokedex/full/126.png,Ground,,,
Pinsir,https://assets.pokemon.com/assets/cms2/img/pokedex/full/127.png,Fire, Flying, Fire, Flying
Tauros,https://assets.pokemon.com/assets/cms2/img/pokedex/full/128.png,Fighting,,,
Magikarp,https://assets.pokemon.com/assets/cms2/img/pokedex/full/129.png,Electric,,,
Gyarados,https://assets.pokemon.com/assets/cms2/img/pokedex/full/130.png,Electric, Grass, Bug,
Lapras,https://assets.pokemon.com/assets/cms2/img/pokedex/full/131.png,Electric, Rock, Fighting,
Ditto,https://assets.pokemon.com/assets/cms2/img/pokedex/full/132.png,Fighting,,,
Eevee,https://assets.pokemon.com/assets/cms2/img/pokedex/full/133.png,Fighting,,,
Vaporeon,https://assets.pokemon.com/assets/cms2/img/pokedex/full/134.png,Electric,,,
Jolteon,https://assets.pokemon.com/assets/cms2/img/pokedex/full/135.png,Ground,,,
Flareon,https://assets.pokemon.com/assets/cms2/img/pokedex/full/136.png,Ground,,,
Porygon,https://assets.pokemon.com/assets/cms2/img/pokedex/full/137.png,Fighting,,,
Omanyte,https://assets.pokemon.com/assets/cms2/img/pokedex/full/138.png,Grass, Ground,,
Omastar,https://assets.pokemon.com/assets/cms2/img/pokedex/full/139.png,Grass, Ground,,
Kabuto,https://assets.pokemon.com/assets/cms2/img/pokedex/full/140.png,Grass, Ground,,
Kabutops,https://assets.pokemon.com/assets/cms2/img/pokedex/full/141.png,Grass, Ground,,
Aerodactyl,https://assets.pokemon.com/assets/cms2/img/pokedex/full/142.png,Electric, Steel, Electric, Ice
Snorlax,https://assets.pokemon.com/assets/cms2/img/pokedex/full/143.png,Fighting,,,
Articuno,https://assets.pokemon.com/assets/cms2/img/pokedex/full/144.png,Rock, Steel,,
Zapdos,https://assets.pokemon.com/assets/cms2/img/pokedex/full/145.png,Ice,,,
Moltres,https://assets.pokemon.com/assets/cms2/img/pokedex/full/146.png,Rock,,,
Dratini,https://assets.pokemon.com/assets/cms2/img/pokedex/full/147.png,Dragon,,,
Dragonair,https://assets.pokemon.com/assets/cms2/img/pokedex/full/148.png,Dragon,,,
Dragonite,https://assets.pokemon.com/assets/cms2/img/pokedex/full/149.png,Ice, Fairy,,
Mewtwo,https://assets.pokemon.com/assets/cms2/img/pokedex/full/150.png,Bug, Ghost, Flying, Ghost
Mew,https://assets.pokemon.com/assets/cms2/img/pokedex/full/151.png,Bug,,,
Chikorita,https://assets.pokemon.com/assets/cms2/img/pokedex/full/152.png,Bug, Ice,,
Bayleef,https://assets.pokemon.com/assets/cms2/img/pokedex/full/153.png,Bug, Ice,,
Meganium,https://assets.pokemon.com/assets/cms2/img/pokedex/full/154.png,Bug, Ice,,
Cyndaquil,https://assets.pokemon.com/assets/cms2/img/pokedex/full/155.png,Ground,,,
Quilava,https://assets.pokemon.com/assets/cms2/img/pokedex/full/156.png,Ground,,,
Typhlosion,https://assets.pokemon.com/assets/cms2/img/pokedex/full/157.png,Ground,,,
Totodile,https://assets.pokemon.com/assets/cms2/img/pokedex/full/158.png,Electric,,,
Croconaw,https://assets.pokemon.com/assets/cms2/img/pokedex/full/159.png,Electric,,,
Feraligatr,https://assets.pokemon.com/assets/cms2/img/pokedex/full/160.png,Electric,,,
Sentret,https://assets.pokemon.com/assets/cms2/img/pokedex/full/161.png,Fighting,,,
Furret,https://assets.pokemon.com/assets/cms2/img/pokedex/full/162.png,Fighting,,,
Hoothoot,https://assets.pokemon.com/assets/cms2/img/pokedex/full/163.png,Electric,,,
Noctowl,https://assets.pokemon.com/assets/cms2/img/pokedex/full/164.png,Electric,,,
Ledyba,https://assets.pokemon.com/assets/cms2/img/pokedex/full/165.png,Rock, Flying,,
Ledian,https://assets.pokemon.com/assets/cms2/img/pokedex/full/166.png,Rock, Flying,,
Spinarak,https://assets.pokemon.com/assets/cms2/img/pokedex/full/167.png,Fire, Flying, Rock,
Ariados,https://assets.pokemon.com/assets/cms2/img/pokedex/full/168.png,Fire, Flying, Rock,
Crobat,https://assets.pokemon.com/assets/cms2/img/pokedex/full/169.png,Electric, Rock,,
Chinchou,https://assets.pokemon.com/assets/cms2/img/pokedex/full/170.png,Grass,,,
Lanturn,https://assets.pokemon.com/assets/cms2/img/pokedex/full/171.png,Grass,,,
Pichu,https://assets.pokemon.com/assets/cms2/img/pokedex/full/172.png,Ground,,,
Cleffa,https://assets.pokemon.com/assets/cms2/img/pokedex/full/173.png,Steel,,,
Igglybuff,https://assets.pokemon.com/assets/cms2/img/pokedex/full/174.png,Steel,,,
Togepi,https://assets.pokemon.com/assets/cms2/img/pokedex/full/175.png,Steel,,,
Togetic,https://assets.pokemon.com/assets/cms2/img/pokedex/full/176.png,Electric, Steel,,
Natu,https://assets.pokemon.com/assets/cms2/img/pokedex/full/177.png,Dark, Ice,,
Xatu,https://assets.pokemon.com/assets/cms2/img/pokedex/full/178.png,Dark, Ice,,
Mareep,https://assets.pokemon.com/assets/cms2/img/pokedex/full/179.png,Ground,,,
Flaaffy,https://assets.pokemon.com/assets/cms2/img/pokedex/full/180.png,Ground,,,
Ampharos,https://assets.pokemon.com/assets/cms2/img/pokedex/full/181.png,Ground, Ice,,
Bellossom,https://assets.pokemon.com/assets/cms2/img/pokedex/full/182.png,Bug, Ice,,
Marill,https://assets.pokemon.com/assets/cms2/img/pokedex/full/183.png,Electric,,,
Azumarill,https://assets.pokemon.com/assets/cms2/img/pokedex/full/184.png,Electric,,,
Sudowoodo,https://assets.pokemon.com/assets/cms2/img/pokedex/full/185.png,Fighting, Steel,,
Politoed,https://assets.pokemon.com/assets/cms2/img/pokedex/full/186.png,Electric,,,
Hoppip,https://assets.pokemon.com/assets/cms2/img/pokedex/full/187.png,Ice, Poison,,
Skiploom,https://assets.pokemon.com/assets/cms2/img/pokedex/full/188.png,Ice, Poison,,
Jumpluff,https://assets.pokemon.com/assets/cms2/img/pokedex/full/189.png,Ice, Poison,,
Aipom,https://assets.pokemon.com/assets/cms2/img/pokedex/full/190.png,Fighting,,,
Sunkern,https://assets.pokemon.com/assets/cms2/img/pokedex/full/191.png,Bug, Ice,,
Sunflora,https://assets.pokemon.com/assets/cms2/img/pokedex/full/192.png,Bug, Ice,,
Yanma,https://assets.pokemon.com/assets/cms2/img/pokedex/full/193.png,Rock, Flying,,
Wooper,https://assets.pokemon.com/assets/cms2/img/pokedex/full/194.png,Grass,,,
Quagsire,https://assets.pokemon.com/assets/cms2/img/pokedex/full/195.png,Grass,,,
Espeon,https://assets.pokemon.com/assets/cms2/img/pokedex/full/196.png,Bug,,,
Umbreon,https://assets.pokemon.com/assets/cms2/img/pokedex/full/197.png,Fighting,,,
Murkrow,https://assets.pokemon.com/assets/cms2/img/pokedex/full/198.png,Electric, Fairy,,
Slowking,https://assets.pokemon.com/assets/cms2/img/pokedex/full/199.png,Bug, Ghost,,
Misdreavus,https://assets.pokemon.com/assets/cms2/img/pokedex/full/200.png,Dark,,,
Unown,https://assets.pokemon.com/assets/cms2/img/pokedex/full/201.png,Bug,,,
Wobbuffet,https://assets.pokemon.com/assets/cms2/img/pokedex/full/202.png,Bug,,,
Girafarig,https://assets.pokemon.com/assets/cms2/img/pokedex/full/203.png,Bug,,,
Pineco,https://assets.pokemon.com/assets/cms2/img/pokedex/full/204.png,Fire, Flying,,
Forretress,https://assets.pokemon.com/assets/cms2/img/pokedex/full/205.png,Fire,,,
Dunsparce,https://assets.pokemon.com/assets/cms2/img/pokedex/full/206.png,Fighting,,,
Gligar,https://assets.pokemon.com/assets/cms2/img/pokedex/full/207.png,Ice,,,
Steelix,https://assets.pokemon.com/assets/cms2/img/pokedex/full/208.png,Fighting, Water, Fighting,
Snubbull,https://assets.pokemon.com/assets/cms2/img/pokedex/full/209.png,Steel,,,
Granbull,https://assets.pokemon.com/assets/cms2/img/pokedex/full/210.png,Steel,,,
Qwilfish,https://assets.pokemon.com/assets/cms2/img/pokedex/full/211.png,Electric,,,
Scizor,https://assets.pokemon.com/assets/cms2/img/pokedex/full/212.png,Fire,,,
Shuckle,https://assets.pokemon.com/assets/cms2/img/pokedex/full/213.png,Rock,,,
Heracross,https://assets.pokemon.com/assets/cms2/img/pokedex/full/214.png,Flying, Fairy, Flying,
Sneasel,https://assets.pokemon.com/assets/cms2/img/pokedex/full/215.png,Fighting, Rock,,
Teddiursa,https://assets.pokemon.com/assets/cms2/img/pokedex/full/216.png,Fighting,,,
Ursaring,https://assets.pokemon.com/assets/cms2/img/pokedex/full/217.png,Fighting,,,
Slugma,https://assets.pokemon.com/assets/cms2/img/pokedex/full/218.png,Ground,,,
Magcargo,https://assets.pokemon.com/assets/cms2/img/pokedex/full/219.png,Ground, Rock,,
Swinub,https://assets.pokemon.com/assets/cms2/img/pokedex/full/220.png,Fighting, Steel,,
Piloswine,https://assets.pokemon.com/assets/cms2/img/pokedex/full/221.png,Fighting, Steel,,
Corsola,https://assets.pokemon.com/assets/cms2/img/pokedex/full/222.png,Grass, Ground,,
Remoraid,https://assets.pokemon.com/assets/cms2/img/pokedex/full/223.png,Electric,,,
Octillery,https://assets.pokemon.com/assets/cms2/img/pokedex/full/224.png,Electric,,,
Delibird,https://assets.pokemon.com/assets/cms2/img/pokedex/full/225.png,Rock, Steel,,
Mantine,https://assets.pokemon.com/assets/cms2/img/pokedex/full/226.png,Electric,,,
Skarmory,https://assets.pokemon.com/assets/cms2/img/pokedex/full/227.png,Electric,,,
Houndour,https://assets.pokemon.com/assets/cms2/img/pokedex/full/228.png,Fighting, Water,,
Houndoom,https://assets.pokemon.com/assets/cms2/img/pokedex/full/229.png,Fighting, Water, Rock,
Kingdra,https://assets.pokemon.com/assets/cms2/img/pokedex/full/230.png,Dragon,,,
Phanpy,https://assets.pokemon.com/assets/cms2/img/pokedex/full/231.png,Grass,,,
Donphan,https://assets.pokemon.com/assets/cms2/img/pokedex/full/232.png,Grass,,,
Porygon2,https://assets.pokemon.com/assets/cms2/img/pokedex/full/233.png,Fighting,,,
Stantler,https://assets.pokemon.com/assets/cms2/img/pokedex/full/234.png,Fighting,,,
Smeargle,https://assets.pokemon.com/assets/cms2/img/pokedex/full/235.png,Fighting,,,
Tyrogue,https://assets.pokemon.com/assets/cms2/img/pokedex/full/236.png,Flying,,,
Hitmontop,https://assets.pokemon.com/assets/cms2/img/pokedex/full/237.png,Flying,,,
Smoochum,https://assets.pokemon.com/assets/cms2/img/pokedex/full/238.png,Bug, Ghost,,
Elekid,https://assets.pokemon.com/assets/cms2/img/pokedex/full/239.png,Ground,,,
Magby,https://assets.pokemon.com/assets/cms2/img/pokedex/full/240.png,Ground,,,
Miltank,https://assets.pokemon.com/assets/cms2/img/pokedex/full/241.png,Fighting,,,
Blissey,https://assets.pokemon.com/assets/cms2/img/pokedex/full/242.png,Fighting,,,
Raikou,https://assets.pokemon.com/assets/cms2/img/pokedex/full/243.png,Ground,,,
Entei,https://assets.pokemon.com/assets/cms2/img/pokedex/full/244.png,Ground,,,
Suicune,https://assets.pokemon.com/assets/cms2/img/pokedex/full/245.png,Electric,,,
Larvitar,https://assets.pokemon.com/assets/cms2/img/pokedex/full/246.png,Grass, Ground,,
Pupitar,https://assets.pokemon.com/assets/cms2/img/pokedex/full/247.png,Grass, Ground,,
Tyranitar,https://assets.pokemon.com/assets/cms2/img/pokedex/full/248.png,Fighting, Ground, Fairy, Water
Lugia,https://assets.pokemon.com/assets/cms2/img/pokedex/full/249.png,Dark, Ice,,
Ho-Oh,https://assets.pokemon.com/assets/cms2/img/pokedex/full/250.png,Rock,,,
Celebi,https://assets.pokemon.com/assets/cms2/img/pokedex/full/251.png,Bug, Flying, Ice, Poison
Treecko,https://assets.pokemon.com/assets/cms2/img/pokedex/full/252.png,Bug, Ice,,
Grovyle,https://assets.pokemon.com/assets/cms2/img/pokedex/full/253.png,Bug, Ice,,
Sceptile,https://assets.pokemon.com/assets/cms2/img/pokedex/full/254.png,Bug, Ice, Poison, Ice
Torchic,https://assets.pokemon.com/assets/cms2/img/pokedex/full/255.png,Ground,,,
Combusken,https://assets.pokemon.com/assets/cms2/img/pokedex/full/256.png,Flying, Water,,
Blaziken,https://assets.pokemon.com/assets/cms2/img/pokedex/full/257.png,Flying, Water, Water,
Mudkip,https://assets.pokemon.com/assets/cms2/img/pokedex/full/258.png,Electric,,,
Mudkip,https://assets.pokemon.com/assets/cms2/img/pokedex/full/258.png,Electric,,,
Marshtomp,https://assets.pokemon.com/assets/cms2/img/pokedex/full/259.png,Grass,,,
Swampert,https://assets.pokemon.com/assets/cms2/img/pokedex/full/260.png,Grass,,,
Poochyena,https://assets.pokemon.com/assets/cms2/img/pokedex/full/261.png,Fighting,,,
Mightyena,https://assets.pokemon.com/assets/cms2/img/pokedex/full/262.png,Fighting,,,
Zigzagoon,https://assets.pokemon.com/assets/cms2/img/pokedex/full/263.png,Fighting, Fighting,,
Linoone,https://assets.pokemon.com/assets/cms2/img/pokedex/full/264.png,Fighting, Fighting,,
Wurmple,https://assets.pokemon.com/assets/cms2/img/pokedex/full/265.png,Fire, Flying,,
Silcoon,https://assets.pokemon.com/assets/cms2/img/pokedex/full/266.png,Fire, Flying,,
Beautifly,https://assets.pokemon.com/assets/cms2/img/pokedex/full/267.png,Rock, Flying,,
Cascoon,https://assets.pokemon.com/assets/cms2/img/pokedex/full/268.png,Fire, Flying,,
Dustox,https://assets.pokemon.com/assets/cms2/img/pokedex/full/269.png,Fire, Flying, Rock,
Lotad,https://assets.pokemon.com/assets/cms2/img/pokedex/full/270.png,Bug, Flying,,
Lombre,https://assets.pokemon.com/assets/cms2/img/pokedex/full/271.png,Bug, Flying,,
Lombre,https://assets.pokemon.com/assets/cms2/img/pokedex/full/271.png,Bug, Flying,,
Ludicolo,https://assets.pokemon.com/assets/cms2/img/pokedex/full/272.png,Bug, Flying,,
Seedot,https://assets.pokemon.com/assets/cms2/img/pokedex/full/273.png,Bug, Ice,,
Nuzleaf,https://assets.pokemon.com/assets/cms2/img/pokedex/full/274.png,Bug, Flying, Fairy,
Shiftry,https://assets.pokemon.com/assets/cms2/img/pokedex/full/275.png,Bug, Flying, Fairy,
Taillow,https://assets.pokemon.com/assets/cms2/img/pokedex/full/276.png,Electric,,,
Swellow,https://assets.pokemon.com/assets/cms2/img/pokedex/full/277.png,Electric,,,
Wingull,https://assets.pokemon.com/assets/cms2/img/pokedex/full/278.png,Electric,,,
Pelipper,https://assets.pokemon.com/assets/cms2/img/pokedex/full/279.png,Electric,,,
Ralts,https://assets.pokemon.com/assets/cms2/img/pokedex/full/280.png,Ghost,,,
Kirlia,https://assets.pokemon.com/assets/cms2/img/pokedex/full/281.png,Ghost,,,
Gardevoir,https://assets.pokemon.com/assets/cms2/img/pokedex/full/282.png,Ghost, Ghost,,
Surskit,https://assets.pokemon.com/assets/cms2/img/pokedex/full/283.png,Electric, Flying,,
Masquerain,https://assets.pokemon.com/assets/cms2/img/pokedex/full/284.png,Rock, Flying,,
Shroomish,https://assets.pokemon.com/assets/cms2/img/pokedex/full/285.png,Bug, Ice,,
Breloom,https://assets.pokemon.com/assets/cms2/img/pokedex/full/286.png,Flying, Ice, Poison,
Slakoth,https://assets.pokemon.com/assets/cms2/img/pokedex/full/287.png,Fighting,,,
Vigoroth,https://assets.pokemon.com/assets/cms2/img/pokedex/full/288.png,Fighting,,,
Slaking,https://assets.pokemon.com/assets/cms2/img/pokedex/full/289.png,Fighting,,,
Nincada,https://assets.pokemon.com/assets/cms2/img/pokedex/full/290.png,Fire, Flying, Ice, Water
Ninjask,https://assets.pokemon.com/assets/cms2/img/pokedex/full/291.png,Rock, Flying,,
Shedinja,https://assets.pokemon.com/assets/cms2/img/pokedex/full/292.png,Dark, Ghost,,
Whismur,https://assets.pokemon.com/assets/cms2/img/pokedex/full/293.png,Fighting,,,
Loudred,https://assets.pokemon.com/assets/cms2/img/pokedex/full/294.png,Fighting,,,
Exploud,https://assets.pokemon.com/assets/cms2/img/pokedex/full/295.png,Fighting,,,
Makuhita,https://assets.pokemon.com/assets/cms2/img/pokedex/full/296.png,Flying,,,
Hariyama,https://assets.pokemon.com/assets/cms2/img/pokedex/full/297.png,Flying,,,
Azurill,https://assets.pokemon.com/assets/cms2/img/pokedex/full/298.png,Steel,,,
Nosepass,https://assets.pokemon.com/assets/cms2/img/pokedex/full/299.png,Fighting, Steel,,
Skitty,https://assets.pokemon.com/assets/cms2/img/pokedex/full/300.png,Fighting,,,
Delcatty,https://assets.pokemon.com/assets/cms2/img/pokedex/full/301.png,Fighting,,,
Sableye,https://assets.pokemon.com/assets/cms2/img/pokedex/full/302.png,Fairy,,,
Mawile,https://assets.pokemon.com/assets/cms2/img/pokedex/full/303.png,Fire, Ground,,
Aron,https://assets.pokemon.com/assets/cms2/img/pokedex/full/304.png,Fighting,,,
Lairon,https://assets.pokemon.com/assets/cms2/img/pokedex/full/305.png,Fighting,,,
Aggron,https://assets.pokemon.com/assets/cms2/img/pokedex/full/306.png,Fighting, Fire,,
Meditite,https://assets.pokemon.com/assets/cms2/img/pokedex/full/307.png,Flying,,,
Medicham,https://assets.pokemon.com/assets/cms2/img/pokedex/full/308.png,Flying, Ghost, Flying,
Electrike,https://assets.pokemon.com/assets/cms2/img/pokedex/full/309.png,Ground,,,
Manectric,https://assets.pokemon.com/assets/cms2/img/pokedex/full/310.png,Ground,,,
Plusle,https://assets.pokemon.com/assets/cms2/img/pokedex/full/311.png,Ground,,,
Minun,https://assets.pokemon.com/assets/cms2/img/pokedex/full/312.png,Ground,,,
Volbeat,https://assets.pokemon.com/assets/cms2/img/pokedex/full/313.png,Fire, Flying,,
Illumise,https://assets.pokemon.com/assets/cms2/img/pokedex/full/314.png,Fire, Flying,,
Roselia,https://assets.pokemon.com/assets/cms2/img/pokedex/full/315.png,Fire, Flying, Ice, Psychic
Gulpin,https://assets.pokemon.com/assets/cms2/img/pokedex/full/316.png,Ground,,,
Swalot,https://assets.pokemon.com/assets/cms2/img/pokedex/full/317.png,Ground,,,
Carvanha,https://assets.pokemon.com/assets/cms2/img/pokedex/full/318.png,Bug, Grass,,
Sharpedo,https://assets.pokemon.com/assets/cms2/img/pokedex/full/319.png,Bug, Grass, Grass, Bug
Wailmer,https://assets.pokemon.com/assets/cms2/img/pokedex/full/320.png,Electric,,,
Wailord,https://assets.pokemon.com/assets/cms2/img/pokedex/full/321.png,Electric,,,
Numel,https://assets.pokemon.com/assets/cms2/img/pokedex/full/322.png,Water,,,
Camerupt,https://assets.pokemon.com/assets/cms2/img/pokedex/full/323.png,Water, Ground,,
Torkoal,https://assets.pokemon.com/assets/cms2/img/pokedex/full/324.png,Ground,,,
Spoink,https://assets.pokemon.com/assets/cms2/img/pokedex/full/325.png,Bug,,,
Grumpig,https://assets.pokemon.com/assets/cms2/img/pokedex/full/326.png,Bug,,,
Spinda,https://assets.pokemon.com/assets/cms2/img/pokedex/full/327.png,Fighting,,,
Trapinch,https://assets.pokemon.com/assets/cms2/img/pokedex/full/328.png,Grass,,,
Vibrava,https://assets.pokemon.com/assets/cms2/img/pokedex/full/329.png,Ice,,,
Flygon,https://assets.pokemon.com/assets/cms2/img/pokedex/full/330.png,Ice,,,
Cacnea,https://assets.pokemon.com/assets/cms2/img/pokedex/full/331.png,Bug, Ice,,
Cacturne,https://assets.pokemon.com/assets/cms2/img/pokedex/full/332.png,Bug, Flying, Fairy,
Swablu,https://assets.pokemon.com/assets/cms2/img/pokedex/full/333.png,Electric,,,
Altaria,https://assets.pokemon.com/assets/cms2/img/pokedex/full/334.png,Ice, Fairy, Poison,
Zangoose,https://assets.pokemon.com/assets/cms2/img/pokedex/full/335.png,Fighting,,,
Seviper,https://assets.pokemon.com/assets/cms2/img/pokedex/full/336.png,Ground,,,
Lunatone,https://assets.pokemon.com/assets/cms2/img/pokedex/full/337.png,Bug, Grass,,
Solrock,https://assets.pokemon.com/assets/cms2/img/pokedex/full/338.png,Bug, Grass,,
Barboach,https://assets.pokemon.com/assets/cms2/img/pokedex/full/339.png,Grass,,,
Whiscash,https://assets.pokemon.com/assets/cms2/img/pokedex/full/340.png,Grass,,,
Corphish,https://assets.pokemon.com/assets/cms2/img/pokedex/full/341.png,Electric,,,
Crawdaunt,https://assets.pokemon.com/assets/cms2/img/pokedex/full/342.png,Bug, Grass,,
Baltoy,https://assets.pokemon.com/assets/cms2/img/pokedex/full/343.png,Bug, Grass, Ice,
Claydol,https://assets.pokemon.com/assets/cms2/img/pokedex/full/344.png,Bug, Grass, Ice,
Lileep,https://assets.pokemon.com/assets/cms2/img/pokedex/full/345.png,Bug, Ice, Steel,
Cradily,https://assets.pokemon.com/assets/cms2/img/pokedex/full/346.png,Bug, Ice, Steel,
Anorith,https://assets.pokemon.com/assets/cms2/img/pokedex/full/347.png,Rock,,,
Armaldo,https://assets.pokemon.com/assets/cms2/img/pokedex/full/348.png,Rock,,,
Feebas,https://assets.pokemon.com/assets/cms2/img/pokedex/full/349.png,Electric,,,
Milotic,https://assets.pokemon.com/assets/cms2/img/pokedex/full/350.png,Electric,,,
Castform,https://assets.pokemon.com/assets/cms2/img/pokedex/full/351.png,Fighting, Ground, Fire, Rock
Kecleon,https://assets.pokemon.com/assets/cms2/img/pokedex/full/352.png,Fighting,,,
Shuppet,https://assets.pokemon.com/assets/cms2/img/pokedex/full/353.png,Dark,,,
Banette,https://assets.pokemon.com/assets/cms2/img/pokedex/full/354.png,Dark, Dark,,
Duskull,https://assets.pokemon.com/assets/cms2/img/pokedex/full/355.png,Dark,,,
Dusclops,https://assets.pokemon.com/assets/cms2/img/pokedex/full/356.png,Dark,,,
Tropius,https://assets.pokemon.com/assets/cms2/img/pokedex/full/357.png,Ice, Poison,,
Chimecho,https://assets.pokemon.com/assets/cms2/img/pokedex/full/358.png,Bug,,,
Absol,https://assets.pokemon.com/assets/cms2/img/pokedex/full/359.png,Fighting, Fairy,,
Wynaut,https://assets.pokemon.com/assets/cms2/img/pokedex/full/360.png,Bug,,,
Snorunt,https://assets.pokemon.com/assets/cms2/img/pokedex/full/361.png,Fire, Steel,,
Glalie,https://assets.pokemon.com/assets/cms2/img/pokedex/full/362.png,Fire, Steel, Fighting,
Spheal,https://assets.pokemon.com/assets/cms2/img/pokedex/full/363.png,Electric, Rock,,
Sealeo,https://assets.pokemon.com/assets/cms2/img/pokedex/full/364.png,Electric, Rock,,
Walrein,https://assets.pokemon.com/assets/cms2/img/pokedex/full/365.png,Electric, Rock,,
Clamperl,https://assets.pokemon.com/assets/cms2/img/pokedex/full/366.png,Electric,,,
Huntail,https://assets.pokemon.com/assets/cms2/img/pokedex/full/367.png,Electric,,,
Gorebyss,https://assets.pokemon.com/assets/cms2/img/pokedex/full/368.png,Electric,,,
Relicanth,https://assets.pokemon.com/assets/cms2/img/pokedex/full/369.png,Grass, Ground,,
Luvdisc,https://assets.pokemon.com/assets/cms2/img/pokedex/full/370.png,Electric,,,
Luvdisc,https://assets.pokemon.com/assets/cms2/img/pokedex/full/370.png,Electric,,,
Bagon,https://assets.pokemon.com/assets/cms2/img/pokedex/full/371.png,Dragon,,,
Shelgon,https://assets.pokemon.com/assets/cms2/img/pokedex/full/372.png,Dragon,,,
Salamence,https://assets.pokemon.com/assets/cms2/img/pokedex/full/373.png,Ice, Fairy, Ice,
Beldum,https://assets.pokemon.com/assets/cms2/img/pokedex/full/374.png,Fire, Dark,,
Metang,https://assets.pokemon.com/assets/cms2/img/pokedex/full/375.png,Fire, Dark,,
Metagross,https://assets.pokemon.com/assets/cms2/img/pokedex/full/376.png,Fire, Dark, Dark,
Regirock,https://assets.pokemon.com/assets/cms2/img/pokedex/full/377.png,Fighting, Steel,,
Regice,https://assets.pokemon.com/assets/cms2/img/pokedex/full/378.png,Fire, Steel,,
Registeel,https://assets.pokemon.com/assets/cms2/img/pokedex/full/379.png,Fighting,,,
Latias,https://assets.pokemon.com/assets/cms2/img/pokedex/full/380.png,Bug, Ghost, Ghost, Dark
Latios,https://assets.pokemon.com/assets/cms2/img/pokedex/full/381.png,Bug, Ghost, Ghost, Dark
Kyogre,https://assets.pokemon.com/assets/cms2/img/pokedex/full/382.png,Electric, Electric,,
Groudon,https://assets.pokemon.com/assets/cms2/img/pokedex/full/383.png,Grass, Water,,
Rayquaza,https://assets.pokemon.com/assets/cms2/img/pokedex/full/384.png,Ice, Fairy, Ice,
Jirachi,https://assets.pokemon.com/assets/cms2/img/pokedex/full/385.png,Fire, Dark,,
Deoxys,https://assets.pokemon.com/assets/cms2/img/pokedex/full/386.png,Bug, Bug, Bug, Bug
Turtwig,https://assets.pokemon.com/assets/cms2/img/pokedex/full/387.png,Bug, Ice,,
Grotle,https://assets.pokemon.com/assets/cms2/img/pokedex/full/388.png,Bug, Ice,,
Grotle,https://assets.pokemon.com/assets/cms2/img/pokedex/full/388.png,Bug, Ice,,
Torterra,https://assets.pokemon.com/assets/cms2/img/pokedex/full/389.png,Ice, Flying,,
Chimchar,https://assets.pokemon.com/assets/cms2/img/pokedex/full/390.png,Ground,,,
Monferno,https://assets.pokemon.com/assets/cms2/img/pokedex/full/391.png,Flying, Water,,
Infernape,https://assets.pokemon.com/assets/cms2/img/pokedex/full/392.png,Flying, Water,,
Infernape,https://assets.pokemon.com/assets/cms2/img/pokedex/full/392.png,Flying, Water,,
Piplup,https://assets.pokemon.com/assets/cms2/img/pokedex/full/393.png,Electric,,,
Prinplup,https://assets.pokemon.com/assets/cms2/img/pokedex/full/394.png,Electric,,,
Empoleon,https://assets.pokemon.com/assets/cms2/img/pokedex/full/395.png,Electric,,,
Starly,https://assets.pokemon.com/assets/cms2/img/pokedex/full/396.png,Electric,,,
Staravia,https://assets.pokemon.com/assets/cms2/img/pokedex/full/397.png,Electric,,,
Staraptor,https://assets.pokemon.com/assets/cms2/img/pokedex/full/398.png,Electric,,,
Bidoof,https://assets.pokemon.com/assets/cms2/img/pokedex/full/399.png,Fighting,,,
Bibarel,https://assets.pokemon.com/assets/cms2/img/pokedex/full/400.png,Electric,,,
Kricketot,https://assets.pokemon.com/assets/cms2/img/pokedex/full/401.png,Fire, Flying,,
Kricketune,https://assets.pokemon.com/assets/cms2/img/pokedex/full/402.png,Fire, Flying,,
Shinx,https://assets.pokemon.com/assets/cms2/img/pokedex/full/403.png,Ground,,,
Luxio,https://assets.pokemon.com/assets/cms2/img/pokedex/full/404.png,Ground,,,
Luxray,https://assets.pokemon.com/assets/cms2/img/pokedex/full/405.png,Ground,,,
Budew,https://assets.pokemon.com/assets/cms2/img/pokedex/full/406.png,Fire, Flying, Ice, Psychic
Roserade,https://assets.pokemon.com/assets/cms2/img/pokedex/full/407.png,Fire, Flying, Ice, Psychic
Cranidos,https://assets.pokemon.com/assets/cms2/img/pokedex/full/408.png,Fighting, Steel,,
Rampardos,https://assets.pokemon.com/assets/cms2/img/pokedex/full/409.png,Fighting, Steel,,
Shieldon,https://assets.pokemon.com/assets/cms2/img/pokedex/full/410.png,Fighting,,,
Bastiodon,https://assets.pokemon.com/assets/cms2/img/pokedex/full/411.png,Fighting,,,
Burmy,https://assets.pokemon.com/assets/cms2/img/pokedex/full/412.png,Fire, Flying, Fire, Flying
Wormadam,https://assets.pokemon.com/assets/cms2/img/pokedex/full/413.png,Fire, Flying, Ice, Poison
Mothim,https://assets.pokemon.com/assets/cms2/img/pokedex/full/414.png,Rock, Flying,,
Combee,https://assets.pokemon.com/assets/cms2/img/pokedex/full/415.png,Rock, Flying,,
Vespiquen,https://assets.pokemon.com/assets/cms2/img/pokedex/full/416.png,Rock, Flying,,
Pachirisu,https://assets.pokemon.com/assets/cms2/img/pokedex/full/417.png,Ground,,,
Buizel,https://assets.pokemon.com/assets/cms2/img/pokedex/full/418.png,Electric,,,
Floatzel,https://assets.pokemon.com/assets/cms2/img/pokedex/full/419.png,Electric,,,
Cherubi,https://assets.pokemon.com/assets/cms2/img/pokedex/full/420.png,Bug, Ice,,
Cherrim,https://assets.pokemon.com/assets/cms2/img/pokedex/full/421.png,Bug, Ice, Flying, Ice
Shellos,https://assets.pokemon.com/assets/cms2/img/pokedex/full/422.png,Electric, Electric,,
Gastrodon,https://assets.pokemon.com/assets/cms2/img/pokedex/full/423.png,Grass,,,
Ambipom,https://assets.pokemon.com/assets/cms2/img/pokedex/full/424.png,Fighting,,,
Drifloon,https://assets.pokemon.com/assets/cms2/img/pokedex/full/425.png,Dark, Ice,,
Drifblim,https://assets.pokemon.com/assets/cms2/img/pokedex/full/426.png,Dark, Ice,,
Buneary,https://assets.pokemon.com/assets/cms2/img/pokedex/full/427.png,Fighting,,,
Lopunny,https://assets.pokemon.com/assets/cms2/img/pokedex/full/428.png,Fighting, Fairy,,
Mismagius,https://assets.pokemon.com/assets/cms2/img/pokedex/full/429.png,Dark,,,
Honchkrow,https://assets.pokemon.com/assets/cms2/img/pokedex/full/430.png,Electric, Fairy,,
Glameow,https://assets.pokemon.com/assets/cms2/img/pokedex/full/431.png,Fighting,,,
Purugly,https://assets.pokemon.com/assets/cms2/img/pokedex/full/432.png,Fighting,,,
Chingling,https://assets.pokemon.com/assets/cms2/img/pokedex/full/433.png,Bug,,,
Stunky,https://assets.pokemon.com/assets/cms2/img/pokedex/full/434.png,Ground,,,
Skuntank,https://assets.pokemon.com/assets/cms2/img/pokedex/full/435.png,Ground,,,
Bronzor,https://assets.pokemon.com/assets/cms2/img/pokedex/full/436.png,Fire, Dark,,
Bronzong,https://assets.pokemon.com/assets/cms2/img/pokedex/full/437.png,Fire, Dark,,
Bonsly,https://assets.pokemon.com/assets/cms2/img/pokedex/full/438.png,Fighting, Steel,,
Mime Jr.,https://assets.pokemon.com/assets/cms2/img/pokedex/full/439.png,Ghost,,,
Happiny,https://assets.pokemon.com/assets/cms2/img/pokedex/full/440.png,Fighting,,,
Chatot,https://assets.pokemon.com/assets/cms2/img/pokedex/full/441.png,Electric,,,
Spiritomb,https://assets.pokemon.com/assets/cms2/img/pokedex/full/442.png,Fairy,,,
Gible,https://assets.pokemon.com/assets/cms2/img/pokedex/full/443.png,Ice,,,
Gabite,https://assets.pokemon.com/assets/cms2/img/pokedex/full/444.png,Ice,,,
Garchomp,https://assets.pokemon.com/assets/cms2/img/pokedex/full/445.png,Ice, Fairy,,
Munchlax,https://assets.pokemon.com/assets/cms2/img/pokedex/full/446.png,Fighting,,,
Riolu,https://assets.pokemon.com/assets/cms2/img/pokedex/full/447.png,Flying,,,
Lucario,https://assets.pokemon.com/assets/cms2/img/pokedex/full/448.png,Fighting, Fire,,
Hippopotas,https://assets.pokemon.com/assets/cms2/img/pokedex/full/449.png,Grass,,,
Hippowdon,https://assets.pokemon.com/assets/cms2/img/pokedex/full/450.png,Grass,,,
Skorupi,https://assets.pokemon.com/assets/cms2/img/pokedex/full/451.png,Fire, Flying, Rock,
Drapion,https://assets.pokemon.com/assets/cms2/img/pokedex/full/452.png,Ground,,,
Croagunk,https://assets.pokemon.com/assets/cms2/img/pokedex/full/453.png,Psychic, Flying,,
Toxicroak,https://assets.pokemon.com/assets/cms2/img/pokedex/full/454.png,Psychic, Flying,,
Carnivine,https://assets.pokemon.com/assets/cms2/img/pokedex/full/455.png,Bug, Ice,,
Finneon,https://assets.pokemon.com/assets/cms2/img/pokedex/full/456.png,Electric,,,
Lumineon,https://assets.pokemon.com/assets/cms2/img/pokedex/full/457.png,Electric,,,
Mantyke,https://assets.pokemon.com/assets/cms2/img/pokedex/full/458.png,Electric,,,
Snover,https://assets.pokemon.com/assets/cms2/img/pokedex/full/459.png,Fire, Flying, Steel,
Abomasnow,https://assets.pokemon.com/assets/cms2/img/pokedex/full/460.png,Fire, Flying, Steel, Flying
Weavile,https://assets.pokemon.com/assets/cms2/img/pokedex/full/461.png,Fighting, Rock,,
Magnezone,https://assets.pokemon.com/assets/cms2/img/pokedex/full/462.png,Ground,,,
Lickilicky,https://assets.pokemon.com/assets/cms2/img/pokedex/full/463.png,Fighting,,,
Rhyperior,https://assets.pokemon.com/assets/cms2/img/pokedex/full/464.png,Grass, Ground,,
Tangrowth,https://assets.pokemon.com/assets/cms2/img/pokedex/full/465.png,Bug, Ice,,
Electivire,https://assets.pokemon.com/assets/cms2/img/pokedex/full/466.png,Ground,,,
Magmortar,https://assets.pokemon.com/assets/cms2/img/pokedex/full/467.png,Ground,,,
Togekiss,https://assets.pokemon.com/assets/cms2/img/pokedex/full/468.png,Electric, Steel,,
Yanmega,https://assets.pokemon.com/assets/cms2/img/pokedex/full/469.png,Rock, Flying,,
Leafeon,https://assets.pokemon.com/assets/cms2/img/pokedex/full/470.png,Bug, Ice,,
Glaceon,https://assets.pokemon.com/assets/cms2/img/pokedex/full/471.png,Fire, Steel,,
Gliscor,https://assets.pokemon.com/assets/cms2/img/pokedex/full/472.png,Ice,,,
Mamoswine,https://assets.pokemon.com/assets/cms2/img/pokedex/full/473.png,Fighting, Steel,,
Porygon-Z,https://assets.pokemon.com/assets/cms2/img/pokedex/full/474.png,Fighting,,,
Gallade,https://assets.pokemon.com/assets/cms2/img/pokedex/full/475.png,Flying, Ghost, Flying,
Probopass,https://assets.pokemon.com/assets/cms2/img/pokedex/full/476.png,Fighting,,,
Dusknoir,https://assets.pokemon.com/assets/cms2/img/pokedex/full/477.png,Dark,,,
Froslass,https://assets.pokemon.com/assets/cms2/img/pokedex/full/478.png,Dark, Rock,,
Rotom,https://assets.pokemon.com/assets/cms2/img/pokedex/full/479.png,Ghost, Rock, Rock, Ice
Uxie,https://assets.pokemon.com/assets/cms2/img/pokedex/full/480.png,Bug,,,
Mesprit,https://assets.pokemon.com/assets/cms2/img/pokedex/full/481.png,Bug,,,
Azelf,https://assets.pokemon.com/assets/cms2/img/pokedex/full/482.png,Bug,,,
Dialga,https://assets.pokemon.com/assets/cms2/img/pokedex/full/483.png,Fighting,,,
Palkia,https://assets.pokemon.com/assets/cms2/img/pokedex/full/484.png,Dragon,,,
Heatran,https://assets.pokemon.com/assets/cms2/img/pokedex/full/485.png,Ground,,,
Regigigas,https://assets.pokemon.com/assets/cms2/img/pokedex/full/486.png,Fighting,,,
Giratina,https://assets.pokemon.com/assets/cms2/img/pokedex/full/487.png,Dark, Ice, Dragon, Ice
Cresselia,https://assets.pokemon.com/assets/cms2/img/pokedex/full/488.png,Bug,,,
Phione,https://assets.pokemon.com/assets/cms2/img/pokedex/full/489.png,Electric,,,
Manaphy,https://assets.pokemon.com/assets/cms2/img/pokedex/full/490.png,Electric,,,
Darkrai,https://assets.pokemon.com/assets/cms2/img/pokedex/full/491.png,Fighting,,,
Shaymin,https://assets.pokemon.com/assets/cms2/img/pokedex/full/492.png,Bug, Ice, Flying, Rock
Arceus,https://assets.pokemon.com/assets/cms2/img/pokedex/full/493.png,Fighting, Fairy, Ice, Rock
Victini,https://assets.pokemon.com/assets/cms2/img/pokedex/full/494.png,Water, Ghost,,
Snivy,https://assets.pokemon.com/assets/cms2/img/pokedex/full/495.png,Fire, Flying,,
Servine,https://assets.pokemon.com/assets/cms2/img/pokedex/full/496.png,Fire, Flying,,
Serperior,https://assets.pokemon.com/assets/cms2/img/pokedex/full/497.png,Fire, Flying,,
Tepig,https://assets.pokemon.com/assets/cms2/img/pokedex/full/498.png,Water,,,
Pignite,https://assets.pokemon.com/assets/cms2/img/pokedex/full/499.png,Water, Psychic,,
Emboar,https://assets.pokemon.com/assets/cms2/img/pokedex/full/500.png,Water, Psychic,,
Oshawott,https://assets.pokemon.com/assets/cms2/img/pokedex/full/501.png,Grass,,,
Dewott,https://assets.pokemon.com/assets/cms2/img/pokedex/full/502.png,Grass,,,
Dewott,https://assets.pokemon.com/assets/cms2/img/pokedex/full/502.png,Grass,,,
Samurott,https://assets.pokemon.com/assets/cms2/img/pokedex/full/503.png,Grass,,,
Patrat,https://assets.pokemon.com/assets/cms2/img/pokedex/full/504.png,Fighting,,,
Watchog,https://assets.pokemon.com/assets/cms2/img/pokedex/full/505.png,Fighting,,,
Lillipup,https://assets.pokemon.com/assets/cms2/img/pokedex/full/506.png,Fighting,,,
Herdier,https://assets.pokemon.com/assets/cms2/img/pokedex/full/507.png,Fighting,,,
Stoutland,https://assets.pokemon.com/assets/cms2/img/pokedex/full/508.png,Fighting,,,
Purrloin,https://assets.pokemon.com/assets/cms2/img/pokedex/full/509.png,Fighting,,,
Liepard,https://assets.pokemon.com/assets/cms2/img/pokedex/full/510.png,Fighting,,,
Pansage,https://assets.pokemon.com/assets/cms2/img/pokedex/full/511.png,Fire, Flying,,
Simisage,https://assets.pokemon.com/assets/cms2/img/pokedex/full/512.png,Fire, Flying,,
Pansear,https://assets.pokemon.com/assets/cms2/img/pokedex/full/513.png,Water,,,
Simisear,https://assets.pokemon.com/assets/cms2/img/pokedex/full/514.png,Water,,,
Panpour,https://assets.pokemon.com/assets/cms2/img/pokedex/full/515.png,Grass,,,
Simipour,https://assets.pokemon.com/assets/cms2/img/pokedex/full/516.png,Grass,,,
Munna,https://assets.pokemon.com/assets/cms2/img/pokedex/full/517.png,Bug,,,
Musharna,https://assets.pokemon.com/assets/cms2/img/pokedex/full/518.png,Bug,,,
Pidove,https://assets.pokemon.com/assets/cms2/img/pokedex/full/519.png,Electric,,,
Tranquill,https://assets.pokemon.com/assets/cms2/img/pokedex/full/520.png,Electric,,,
Unfezant,https://assets.pokemon.com/assets/cms2/img/pokedex/full/521.png,Electric,,,
Blitzle,https://assets.pokemon.com/assets/cms2/img/pokedex/full/522.png,Ground,,,
Zebstrika,https://assets.pokemon.com/assets/cms2/img/pokedex/full/523.png,Ground,,,
Roggenrola,https://assets.pokemon.com/assets/cms2/img/pokedex/full/524.png,Water, Ground,,
Boldore,https://assets.pokemon.com/assets/cms2/img/pokedex/full/525.png,Water, Ground,,
Gigalith,https://assets.pokemon.com/assets/cms2/img/pokedex/full/526.png,Water, Ground,,
Woobat,https://assets.pokemon.com/assets/cms2/img/pokedex/full/527.png,Electric, Ghost,,
Swoobat,https://assets.pokemon.com/assets/cms2/img/pokedex/full/528.png,Electric, Ghost,,
Drilbur,https://assets.pokemon.com/assets/cms2/img/pokedex/full/529.png,Water, Ice,,
Excadrill,https://assets.pokemon.com/assets/cms2/img/pokedex/full/530.png,Fire, Ground,,
Audino,https://assets.pokemon.com/assets/cms2/img/pokedex/full/531.png,Fighting,,,
Timburr,https://assets.pokemon.com/assets/cms2/img/pokedex/full/532.png,Flying,,,
Gurdurr,https://assets.pokemon.com/assets/cms2/img/pokedex/full/533.png,Flying,,,
Conkeldurr,https://assets.pokemon.com/assets/cms2/img/pokedex/full/534.png,Flying,,,
Tympole,https://assets.pokemon.com/assets/cms2/img/pokedex/full/535.png,Grass,,,
Tympole,https://assets.pokemon.com/assets/cms2/img/pokedex/full/535.png,Grass,,,
Palpitoad,https://assets.pokemon.com/assets/cms2/img/pokedex/full/536.png,Grass,,,
Seismitoad,https://assets.pokemon.com/assets/cms2/img/pokedex/full/537.png,Grass,,,
Throh,https://assets.pokemon.com/assets/cms2/img/pokedex/full/538.png,Flying,,,
Sawk,https://assets.pokemon.com/assets/cms2/img/pokedex/full/539.png,Flying,,,
Sewaddle,https://assets.pokemon.com/assets/cms2/img/pokedex/full/540.png,Fire, Flying, Ice, Poison
Swadloon,https://assets.pokemon.com/assets/cms2/img/pokedex/full/541.png,Fire, Flying, Ice, Poison
Leavanny,https://assets.pokemon.com/assets/cms2/img/pokedex/full/542.png,Fire, Flying, Ice, Poison
Venipede,https://assets.pokemon.com/assets/cms2/img/pokedex/full/543.png,Fire, Flying, Rock,
Whirlipede,https://assets.pokemon.com/assets/cms2/img/pokedex/full/544.png,Fire, Flying, Psychic,
Scolipede,https://assets.pokemon.com/assets/cms2/img/pokedex/full/545.png,Fire, Flying, Rock,
Cottonee,https://assets.pokemon.com/assets/cms2/img/pokedex/full/546.png,Fire, Flying,,
Whimsicott,https://assets.pokemon.com/assets/cms2/img/pokedex/full/547.png,Fire, Flying,,
Petilil,https://assets.pokemon.com/assets/cms2/img/pokedex/full/548.png,Fire, Flying,,
Lilligant,https://assets.pokemon.com/assets/cms2/img/pokedex/full/549.png,Fire, Flying,,
Basculin,https://assets.pokemon.com/assets/cms2/img/pokedex/full/550.png,Grass, Electric,,
Sandile,https://assets.pokemon.com/assets/cms2/img/pokedex/full/551.png,Water, Ice, Fighting,
Krokorok,https://assets.pokemon.com/assets/cms2/img/pokedex/full/552.png,Water, Ice, Fighting,
Krookodile,https://assets.pokemon.com/assets/cms2/img/pokedex/full/553.png,Water, Ice, Fighting,
Darumaka,https://assets.pokemon.com/assets/cms2/img/pokedex/full/554.png,Water, Fire, Rock,
Darmanitan,https://assets.pokemon.com/assets/cms2/img/pokedex/full/555.png,Water, Ghost, Rock, Steel
Maractus,https://assets.pokemon.com/assets/cms2/img/pokedex/full/556.png,Fire, Flying,,
Dwebble,https://assets.pokemon.com/assets/cms2/img/pokedex/full/557.png,Water,,,
Crustle,https://assets.pokemon.com/assets/cms2/img/pokedex/full/558.png,Water,,,
Scraggy,https://assets.pokemon.com/assets/cms2/img/pokedex/full/559.png,Fighting, Flying,,
Scrafty,https://assets.pokemon.com/assets/cms2/img/pokedex/full/560.png,Fighting, Flying,,
Sigilyph,https://assets.pokemon.com/assets/cms2/img/pokedex/full/561.png,Electric, Ghost,,
Yamask,https://assets.pokemon.com/assets/cms2/img/pokedex/full/562.png,Ghost, Ghost, Ice,
Cofagrigus,https://assets.pokemon.com/assets/cms2/img/pokedex/full/563.png,Ghost,,,
Tirtouga,https://assets.pokemon.com/assets/cms2/img/pokedex/full/564.png,Grass, Ground,,
Carracosta,https://assets.pokemon.com/assets/cms2/img/pokedex/full/565.png,Grass, Ground,,
Archen,https://assets.pokemon.com/assets/cms2/img/pokedex/full/566.png,Water, Ice, Rock,
Archeops,https://assets.pokemon.com/assets/cms2/img/pokedex/full/567.png,Water, Ice, Rock,
Trubbish,https://assets.pokemon.com/assets/cms2/img/pokedex/full/568.png,Ground,,,
Trubbish,https://assets.pokemon.com/assets/cms2/img/pokedex/full/568.png,Ground,,,
Garbodor,https://assets.pokemon.com/assets/cms2/img/pokedex/full/569.png,Ground, Ground,,
Zorua,https://assets.pokemon.com/assets/cms2/img/pokedex/full/570.png,Fighting,,,
Zoroark,https://assets.pokemon.com/assets/cms2/img/pokedex/full/571.png,Fighting,,,
Minccino,https://assets.pokemon.com/assets/cms2/img/pokedex/full/572.png,Fighting,,,
Cinccino,https://assets.pokemon.com/assets/cms2/img/pokedex/full/573.png,Fighting,,,
Gothita,https://assets.pokemon.com/assets/cms2/img/pokedex/full/574.png,Bug,,,
Gothorita,https://assets.pokemon.com/assets/cms2/img/pokedex/full/575.png,Bug,,,
Gothitelle,https://assets.pokemon.com/assets/cms2/img/pokedex/full/576.png,Bug,,,
Solosis,https://assets.pokemon.com/assets/cms2/img/pokedex/full/577.png,Bug,,,
Duosion,https://assets.pokemon.com/assets/cms2/img/pokedex/full/578.png,Bug,,,
Reuniclus,https://assets.pokemon.com/assets/cms2/img/pokedex/full/579.png,Bug,,,
Ducklett,https://assets.pokemon.com/assets/cms2/img/pokedex/full/580.png,Electric,,,
Swanna,https://assets.pokemon.com/assets/cms2/img/pokedex/full/581.png,Electric,,,
Vanillite,https://assets.pokemon.com/assets/cms2/img/pokedex/full/582.png,Fire, Steel,,
Vanillish,https://assets.pokemon.com/assets/cms2/img/pokedex/full/583.png,Fire, Steel,,
Vanilluxe,https://assets.pokemon.com/assets/cms2/img/pokedex/full/584.png,Fire, Steel,,
Deerling,https://assets.pokemon.com/assets/cms2/img/pokedex/full/585.png,Fire, Poison, Flying, Fire
Sawsbuck,https://assets.pokemon.com/assets/cms2/img/pokedex/full/586.png,Fire, Poison, Flying, Fire
Emolga,https://assets.pokemon.com/assets/cms2/img/pokedex/full/587.png,Ice,,,
Karrablast,https://assets.pokemon.com/assets/cms2/img/pokedex/full/588.png,Fire, Flying,,
Escavalier,https://assets.pokemon.com/assets/cms2/img/pokedex/full/589.png,Fire,,,
Foongus,https://assets.pokemon.com/assets/cms2/img/pokedex/full/590.png,Fire, Psychic,,
Amoonguss,https://assets.pokemon.com/assets/cms2/img/pokedex/full/591.png,Fire, Psychic,,
Frillish,https://assets.pokemon.com/assets/cms2/img/pokedex/full/592.png,Grass, Dark,,
Jellicent,https://assets.pokemon.com/assets/cms2/img/pokedex/full/593.png,Grass, Dark,,
Alomomola,https://assets.pokemon.com/assets/cms2/img/pokedex/full/594.png,Grass,,,
Joltik,https://assets.pokemon.com/assets/cms2/img/pokedex/full/595.png,Fire,,,
Galvantula,https://assets.pokemon.com/assets/cms2/img/pokedex/full/596.png,Fire,,,
Ferroseed,https://assets.pokemon.com/assets/cms2/img/pokedex/full/597.png,Fire,,,
Ferrothorn,https://assets.pokemon.com/assets/cms2/img/pokedex/full/598.png,Fire,,,
Klink,https://assets.pokemon.com/assets/cms2/img/pokedex/full/599.png,Fire,,,
Klang,https://assets.pokemon.com/assets/cms2/img/pokedex/full/600.png,Fire,,,
Klinklang,https://assets.pokemon.com/assets/cms2/img/pokedex/full/601.png,Fire,,,
Tynamo,https://assets.pokemon.com/assets/cms2/img/pokedex/full/602.png,,,,
Eelektrik,https://assets.pokemon.com/assets/cms2/img/pokedex/full/603.png,,,,
Eelektross,https://assets.pokemon.com/assets/cms2/img/pokedex/full/604.png,,,,
Elgyem,https://assets.pokemon.com/assets/cms2/img/pokedex/full/605.png,Bug,,,
Beheeyem,https://assets.pokemon.com/assets/cms2/img/pokedex/full/606.png,Bug,,,
Litwick,https://assets.pokemon.com/assets/cms2/img/pokedex/full/607.png,Water, Ghost,,
Lampent,https://assets.pokemon.com/assets/cms2/img/pokedex/full/608.png,Water, Ghost,,
Chandelure,https://assets.pokemon.com/assets/cms2/img/pokedex/full/609.png,Water, Ghost,,
Axew,https://assets.pokemon.com/assets/cms2/img/pokedex/full/610.png,Ice,,,
Fraxure,https://assets.pokemon.com/assets/cms2/img/pokedex/full/611.png,Ice,,,
Haxorus,https://assets.pokemon.com/assets/cms2/img/pokedex/full/612.png,Ice,,,
Cubchoo,https://assets.pokemon.com/assets/cms2/img/pokedex/full/613.png,Fire, Steel,,
Beartic,https://assets.pokemon.com/assets/cms2/img/pokedex/full/614.png,Fire, Steel,,
Cryogonal,https://assets.pokemon.com/assets/cms2/img/pokedex/full/615.png,Fire, Steel,,
Cryogonal,https://assets.pokemon.com/assets/cms2/img/pokedex/full/615.png,Fire, Steel,,
Shelmet,https://assets.pokemon.com/assets/cms2/img/pokedex/full/616.png,Fire, Flying,,
Accelgor,https://assets.pokemon.com/assets/cms2/img/pokedex/full/617.png,Fire, Flying,,
Stunfisk,https://assets.pokemon.com/assets/cms2/img/pokedex/full/618.png,Water, Ice, Ground, Fighting
Mienfoo,https://assets.pokemon.com/assets/cms2/img/pokedex/full/619.png,Flying,,,
Mienshao,https://assets.pokemon.com/assets/cms2/img/pokedex/full/620.png,Flying,,,
Druddigon,https://assets.pokemon.com/assets/cms2/img/pokedex/full/621.png,Ice,,,
Golett,https://assets.pokemon.com/assets/cms2/img/pokedex/full/622.png,Water, Ice, Ghost,
Golurk,https://assets.pokemon.com/assets/cms2/img/pokedex/full/623.png,Water, Ice, Ghost,
Pawniard,https://assets.pokemon.com/assets/cms2/img/pokedex/full/624.png,Fighting,,,
Bisharp,https://assets.pokemon.com/assets/cms2/img/pokedex/full/625.png,Fighting,,,
Bouffalant,https://assets.pokemon.com/assets/cms2/img/pokedex/full/626.png,Fighting,,,
Rufflet,https://assets.pokemon.com/assets/cms2/img/pokedex/full/627.png,Electric,,,
Braviary,https://assets.pokemon.com/assets/cms2/img/pokedex/full/628.png,Electric,,,
Vullaby,https://assets.pokemon.com/assets/cms2/img/pokedex/full/629.png,Electric, Fairy,,
Mandibuzz,https://assets.pokemon.com/assets/cms2/img/pokedex/full/630.png,Electric, Fairy,,
Heatmor,https://assets.pokemon.com/assets/cms2/img/pokedex/full/631.png,Water,,,
Durant,https://assets.pokemon.com/assets/cms2/img/pokedex/full/632.png,Fire,,,
Deino,https://assets.pokemon.com/assets/cms2/img/pokedex/full/633.png,Ice, Dragon,,
Zweilous,https://assets.pokemon.com/assets/cms2/img/pokedex/full/634.png,Ice, Dragon,,
Hydreigon,https://assets.pokemon.com/assets/cms2/img/pokedex/full/635.png,Ice, Dragon,,
Larvesta,https://assets.pokemon.com/assets/cms2/img/pokedex/full/636.png,Rock,,,
Volcarona,https://assets.pokemon.com/assets/cms2/img/pokedex/full/637.png,Rock,,,
Cobalion,https://assets.pokemon.com/assets/cms2/img/pokedex/full/638.png,Fire,,,
Terrakion,https://assets.pokemon.com/assets/cms2/img/pokedex/full/639.png,Water, Ground, Fairy,
Virizion,https://assets.pokemon.com/assets/cms2/img/pokedex/full/640.png,Flying, Ice, Poison,
Tornadus,https://assets.pokemon.com/assets/cms2/img/pokedex/full/641.png,Electric, Rock, Ice,
Thundurus,https://assets.pokemon.com/assets/cms2/img/pokedex/full/642.png,Ice, Ice,,
Reshiram,https://assets.pokemon.com/assets/cms2/img/pokedex/full/643.png,Ground,,,
Zekrom,https://assets.pokemon.com/assets/cms2/img/pokedex/full/644.png,Ice, Fairy,,
Landorus,https://assets.pokemon.com/assets/cms2/img/pokedex/full/645.png,Ice, Ice,,
Kyurem,https://assets.pokemon.com/assets/cms2/img/pokedex/full/646.png,Fighting, Steel, Rock, Fairy
Keldeo,https://assets.pokemon.com/assets/cms2/img/pokedex/full/647.png,Flying, Fairy, Grass, Psychic
Meloetta,https://assets.pokemon.com/assets/cms2/img/pokedex/full/648.png,Bug, Flying,,
Genesect,https://assets.pokemon.com/assets/cms2/img/pokedex/full/649.png,Fire,,,
Chespin,https://assets.pokemon.com/assets/cms2/img/pokedex/full/650.png,Fire, Flying, Ice,
Quilladin,https://assets.pokemon.com/assets/cms2/img/pokedex/full/651.png,Fire, Flying, Ice,
Chesnaught,https://assets.pokemon.com/assets/cms2/img/pokedex/full/652.png,Fire, Poison,,
Fennekin,https://assets.pokemon.com/assets/cms2/img/pokedex/full/653.png,Water,,,
Braixen,https://assets.pokemon.com/assets/cms2/img/pokedex/full/654.png,Water,,,
Delphox,https://assets.pokemon.com/assets/cms2/img/pokedex/full/655.png,Ghost, Rock,,
Froakie,https://assets.pokemon.com/assets/cms2/img/pokedex/full/656.png,Grass,,,
Frogadier,https://assets.pokemon.com/assets/cms2/img/pokedex/full/657.png,Grass,,,
Greninja,https://assets.pokemon.com/assets/cms2/img/pokedex/full/658.png,Fairy, Fighting, Grass, Bug
Bunnelby,https://assets.pokemon.com/assets/cms2/img/pokedex/full/659.png,Fighting,,,
Diggersby,https://assets.pokemon.com/assets/cms2/img/pokedex/full/660.png,Water, Ice, Fighting,
Fletchling,https://assets.pokemon.com/assets/cms2/img/pokedex/full/661.png,Ice,,,
Fletchinder,https://assets.pokemon.com/assets/cms2/img/pokedex/full/662.png,Water,,,
Talonflame,https://assets.pokemon.com/assets/cms2/img/pokedex/full/663.png,Water,,,
Scatterbug,https://assets.pokemon.com/assets/cms2/img/pokedex/full/664.png,Fire, Flying,,
Spewpa,https://assets.pokemon.com/assets/cms2/img/pokedex/full/665.png,Fire, Flying,,
Vivillon,https://assets.pokemon.com/assets/cms2/img/pokedex/full/666.png,Fire, Flying, Ice,
Litleo,https://assets.pokemon.com/assets/cms2/img/pokedex/full/667.png,Rock, Ground,,
Pyroar,https://assets.pokemon.com/assets/cms2/img/pokedex/full/668.png,Water, Ground, Fighting,
Flabébé,https://assets.pokemon.com/assets/cms2/img/pokedex/full/669.png,Steel,,,
Floette,https://assets.pokemon.com/assets/cms2/img/pokedex/full/670.png,Steel,,,
Florges,https://assets.pokemon.com/assets/cms2/img/pokedex/full/671.png,Steel,,,
Skiddo,https://assets.pokemon.com/assets/cms2/img/pokedex/full/672.png,Fire, Flying, Ice,
Gogoat,https://assets.pokemon.com/assets/cms2/img/pokedex/full/673.png,Fire, Flying, Ice,
Pancham,https://assets.pokemon.com/assets/cms2/img/pokedex/full/674.png,Psychic, Flying,,
Pangoro,https://assets.pokemon.com/assets/cms2/img/pokedex/full/675.png,Flying,,,
Furfrou,https://assets.pokemon.com/assets/cms2/img/pokedex/full/676.png,Fighting, Fighting,,
Espurr,https://assets.pokemon.com/assets/cms2/img/pokedex/full/677.png,Ghost,,,
Meowstic,https://assets.pokemon.com/assets/cms2/img/pokedex/full/678.png,Ghost, Ghost,,
Honedge,https://assets.pokemon.com/assets/cms2/img/pokedex/full/679.png,Fire, Ground,,
Doublade,https://assets.pokemon.com/assets/cms2/img/pokedex/full/680.png,Fire, Ground,,
Aegislash,https://assets.pokemon.com/assets/cms2/img/pokedex/full/681.png,Fire, Ground, Dark,
Spritzee,https://assets.pokemon.com/assets/cms2/img/pokedex/full/682.png,Steel,,,
Aromatisse,https://assets.pokemon.com/assets/cms2/img/pokedex/full/683.png,Steel,,,
Swirlix,https://assets.pokemon.com/assets/cms2/img/pokedex/full/684.png,Steel,,,
Slurpuff,https://assets.pokemon.com/assets/cms2/img/pokedex/full/685.png,Steel,,,
Inkay,https://assets.pokemon.com/assets/cms2/img/pokedex/full/686.png,Fairy,,,
Malamar,https://assets.pokemon.com/assets/cms2/img/pokedex/full/687.png,Fairy,,,
Binacle,https://assets.pokemon.com/assets/cms2/img/pokedex/full/688.png,Electric, Ground,,
Barbaracle,https://assets.pokemon.com/assets/cms2/img/pokedex/full/689.png,Electric, Ground,,
Skrelp,https://assets.pokemon.com/assets/cms2/img/pokedex/full/690.png,Psychic,,,
Dragalge,https://assets.pokemon.com/assets/cms2/img/pokedex/full/691.png,Psychic, Ice, Ground,
Clauncher,https://assets.pokemon.com/assets/cms2/img/pokedex/full/692.png,Grass,,,
Clawitzer,https://assets.pokemon.com/assets/cms2/img/pokedex/full/693.png,Grass,,,
Helioptile,https://assets.pokemon.com/assets/cms2/img/pokedex/full/694.png,Fighting,,,
Heliolisk,https://assets.pokemon.com/assets/cms2/img/pokedex/full/695.png,Fighting,,,
Tyrunt,https://assets.pokemon.com/assets/cms2/img/pokedex/full/696.png,Steel, Fighting,,
Tyrantrum,https://assets.pokemon.com/assets/cms2/img/pokedex/full/697.png,Steel, Fighting,,
Amaura,https://assets.pokemon.com/assets/cms2/img/pokedex/full/698.png,Steel, Rock,,
Aurorus,https://assets.pokemon.com/assets/cms2/img/pokedex/full/699.png,Steel, Rock,,
Sylveon,https://assets.pokemon.com/assets/cms2/img/pokedex/full/700.png,Steel,,,
Hawlucha,https://assets.pokemon.com/assets/cms2/img/pokedex/full/701.png,Electric, Ice,,
Dedenne,https://assets.pokemon.com/assets/cms2/img/pokedex/full/702.png,Poison,,,
Carbink,https://assets.pokemon.com/assets/cms2/img/pokedex/full/703.png,Steel, Ground,,
Goomy,https://assets.pokemon.com/assets/cms2/img/pokedex/full/704.png,Fairy,,,
Sliggoo,https://assets.pokemon.com/assets/cms2/img/pokedex/full/705.png,Fairy,,,
Goodra,https://assets.pokemon.com/assets/cms2/img/pokedex/full/706.png,Fairy,,,
Klefki,https://assets.pokemon.com/assets/cms2/img/pokedex/full/707.png,Fire,,,
Phantump,https://assets.pokemon.com/assets/cms2/img/pokedex/full/708.png,Ghost, Dark,,
Trevenant,https://assets.pokemon.com/assets/cms2/img/pokedex/full/709.png,Ghost, Dark,,
Pumpkaboo,https://assets.pokemon.com/assets/cms2/img/pokedex/full/710.png,Ghost, Dark, Fire, Flying
Gourgeist,https://assets.pokemon.com/assets/cms2/img/pokedex/full/711.png,Ghost, Dark, Fire, Flying
Bergmite,https://assets.pokemon.com/assets/cms2/img/pokedex/full/712.png,Fire, Rock,,
Avalugg,https://assets.pokemon.com/assets/cms2/img/pokedex/full/713.png,Fire, Rock,,
Noibat,https://assets.pokemon.com/assets/cms2/img/pokedex/full/714.png,Ice, Dragon,,
Noivern,https://assets.pokemon.com/assets/cms2/img/pokedex/full/715.png,Fairy, Ice, Rock,
Xerneas,https://assets.pokemon.com/assets/cms2/img/pokedex/full/716.png,Steel,,,
Yveltal,https://assets.pokemon.com/assets/cms2/img/pokedex/full/717.png,Electric, Fairy,,
Zygarde,https://assets.pokemon.com/assets/cms2/img/pokedex/full/718.png,Fairy, Fairy, Fairy,
Diancie,https://assets.pokemon.com/assets/cms2/img/pokedex/full/719.png,Steel, Ground, Grass,
Hoopa,https://assets.pokemon.com/assets/cms2/img/pokedex/full/720.png,Ghost, Bug,,
Rowlet,https://assets.pokemon.com/assets/cms2/img/pokedex/full/722.png,Fire, Flying, Ice, Poison
Dartrix,https://assets.pokemon.com/assets/cms2/img/pokedex/full/723.png,Fire, Flying, Ice, Poison
Decidueye,https://assets.pokemon.com/assets/cms2/img/pokedex/full/724.png,Ghost, Dark,,
Litten,https://assets.pokemon.com/assets/cms2/img/pokedex/full/725.png,Water,,,
Torracat,https://assets.pokemon.com/assets/cms2/img/pokedex/full/726.png,Water,,,
Incineroar,https://assets.pokemon.com/assets/cms2/img/pokedex/full/727.png,Water, Rock,,
Popplio,https://assets.pokemon.com/assets/cms2/img/pokedex/full/728.png,Grass,,,
Brionne,https://assets.pokemon.com/assets/cms2/img/pokedex/full/729.png,Grass,,,
Primarina,https://assets.pokemon.com/assets/cms2/img/pokedex/full/730.png,Grass,,,
Pikipek,https://assets.pokemon.com/assets/cms2/img/pokedex/full/731.png,Electric,,,
Trumbeak,https://assets.pokemon.com/assets/cms2/img/pokedex/full/732.png,Electric,,,
Toucannon,https://assets.pokemon.com/assets/cms2/img/pokedex/full/733.png,Electric,,,
Yungoos,https://assets.pokemon.com/assets/cms2/img/pokedex/full/734.png,Fighting,,,
Gumshoos,https://assets.pokemon.com/assets/cms2/img/pokedex/full/735.png,Fighting,,,
Grubbin,https://assets.pokemon.com/assets/cms2/img/pokedex/full/736.png,Fire, Flying,,
Charjabug,https://assets.pokemon.com/assets/cms2/img/pokedex/full/737.png,Fire,,,
Vikavolt,https://assets.pokemon.com/assets/cms2/img/pokedex/full/738.png,Fire,,,
Crabrawler,https://assets.pokemon.com/assets/cms2/img/pokedex/full/739.png,Psychic, Flying,,
Crabominable,https://assets.pokemon.com/assets/cms2/img/pokedex/full/740.png,Steel, Flying,,
Oricorio,https://assets.pokemon.com/assets/cms2/img/pokedex/full/741.png,Water, Ice, Dark, Ice
Cutiefly,https://assets.pokemon.com/assets/cms2/img/pokedex/full/742.png,Fire, Poison,,
Ribombee,https://assets.pokemon.com/assets/cms2/img/pokedex/full/743.png,Fire, Poison,,
Rockruff,https://assets.pokemon.com/assets/cms2/img/pokedex/full/744.png,Water, Fighting,,
Lycanroc,https://assets.pokemon.com/assets/cms2/img/pokedex/full/745.png,Water, Fighting, Steel, Ground
Wishiwashi,https://assets.pokemon.com/assets/cms2/img/pokedex/full/746.png,Grass, Electric,,
Mareanie,https://assets.pokemon.com/assets/cms2/img/pokedex/full/747.png,Psychic,,,
Toxapex,https://assets.pokemon.com/assets/cms2/img/pokedex/full/748.png,Psychic,,,
Mudbray,https://assets.pokemon.com/assets/cms2/img/pokedex/full/749.png,Water, Ice,,
Mudsdale,https://assets.pokemon.com/assets/cms2/img/pokedex/full/750.png,Water, Ice,,
Dewpider,https://assets.pokemon.com/assets/cms2/img/pokedex/full/751.png,Flying,,,
Araquanid,https://assets.pokemon.com/assets/cms2/img/pokedex/full/752.png,Flying,,,
Fomantis,https://assets.pokemon.com/assets/cms2/img/pokedex/full/753.png,Fire, Flying, Ice, Poison
Lurantis,https://assets.pokemon.com/assets/cms2/img/pokedex/full/754.png,Fire, Flying, Ice, Poison
Morelull,https://assets.pokemon.com/assets/cms2/img/pokedex/full/755.png,Steel, Ice,,
Shiinotic,https://assets.pokemon.com/assets/cms2/img/pokedex/full/756.png,Steel, Ice,,
Salandit,https://assets.pokemon.com/assets/cms2/img/pokedex/full/757.png,Water, Rock,,
Salazzle,https://assets.pokemon.com/assets/cms2/img/pokedex/full/758.png,Water, Rock,,
Stufful,https://assets.pokemon.com/assets/cms2/img/pokedex/full/759.png,Psychic, Flying, Fighting,
Bewear,https://assets.pokemon.com/assets/cms2/img/pokedex/full/760.png,Psychic, Flying, Fighting,
Bounsweet,https://assets.pokemon.com/assets/cms2/img/pokedex/full/761.png,Fire, Flying, Ice, Poison
Steenee,https://assets.pokemon.com/assets/cms2/img/pokedex/full/762.png,Fire, Flying, Ice, Poison
Tsareena,https://assets.pokemon.com/assets/cms2/img/pokedex/full/763.png,Fire, Flying, Ice, Poison
Comfey,https://assets.pokemon.com/assets/cms2/img/pokedex/full/764.png,Steel,,,
Oranguru,https://assets.pokemon.com/assets/cms2/img/pokedex/full/765.png,Dark,,,
Passimian,https://assets.pokemon.com/assets/cms2/img/pokedex/full/766.png,Psychic, Flying,,
Wimpod,https://assets.pokemon.com/assets/cms2/img/pokedex/full/767.png,Flying,,,
Golisopod,https://assets.pokemon.com/assets/cms2/img/pokedex/full/768.png,Flying,,,
Sandygast,https://assets.pokemon.com/assets/cms2/img/pokedex/full/769.png,Ghost, Water,,
Palossand,https://assets.pokemon.com/assets/cms2/img/pokedex/full/770.png,Ghost, Water,,
Pyukumuku,https://assets.pokemon.com/assets/cms2/img/pokedex/full/771.png,Grass,,,
Type: Null,https://assets.pokemon.com/assets/cms2/img/pokedex/full/772.png,Fighting,,,
Silvally,https://assets.pokemon.com/assets/cms2/img/pokedex/full/773.png,Fighting,,,
Minior,https://assets.pokemon.com/assets/cms2/img/pokedex/full/774.png,Steel, Ice, Water, Ice
Komala,https://assets.pokemon.com/assets/cms2/img/pokedex/full/775.png,Fighting,,,
Turtonator,https://assets.pokemon.com/assets/cms2/img/pokedex/full/776.png,Ground,,,
Togedemaru,https://assets.pokemon.com/assets/cms2/img/pokedex/full/777.png,Fire,,,
Mimikyu,https://assets.pokemon.com/assets/cms2/img/pokedex/full/778.png,Ghost,,,
Bruxish,https://assets.pokemon.com/assets/cms2/img/pokedex/full/779.png,Ghost, Electric,,
Drampa,https://assets.pokemon.com/assets/cms2/img/pokedex/full/780.png,Fairy, Ice, Dragon,
Dhelmise,https://assets.pokemon.com/assets/cms2/img/pokedex/full/781.png,Ghost, Dark,,
Jangmo-o,https://assets.pokemon.com/assets/cms2/img/pokedex/full/782.png,Fairy,,,
Hakamo-o,https://assets.pokemon.com/assets/cms2/img/pokedex/full/783.png,Fairy, Flying, Ice,
Kommo-o,https://assets.pokemon.com/assets/cms2/img/pokedex/full/784.png,Fairy, Flying, Ice,
Tapu Koko,https://assets.pokemon.com/assets/cms2/img/pokedex/full/785.png,Poison,,,
Tapu Lele,https://assets.pokemon.com/assets/cms2/img/pokedex/full/786.png,Ghost,,,
Tapu Bulu,https://assets.pokemon.com/assets/cms2/img/pokedex/full/787.png,Steel, Ice,,
Tapu Fini,https://assets.pokemon.com/assets/cms2/img/pokedex/full/788.png,Grass,,,
Cosmog,https://assets.pokemon.com/assets/cms2/img/pokedex/full/789.png,Ghost,,,
Cosmoem,https://assets.pokemon.com/assets/cms2/img/pokedex/full/790.png,Ghost,,,
Solgaleo,https://assets.pokemon.com/assets/cms2/img/pokedex/full/791.png,Ghost, Ground,,
Lunala,https://assets.pokemon.com/assets/cms2/img/pokedex/full/792.png,Ghost,,,
Nihilego,https://assets.pokemon.com/assets/cms2/img/pokedex/full/793.png,Steel, Ground,,
Buzzwole,https://assets.pokemon.com/assets/cms2/img/pokedex/full/794.png,Fire, Fairy,,
Pheromosa,https://assets.pokemon.com/assets/cms2/img/pokedex/full/795.png,Fire, Fairy,,
Xurkitree,https://assets.pokemon.com/assets/cms2/img/pokedex/full/796.png,Ground,,,
Celesteela,https://assets.pokemon.com/assets/cms2/img/pokedex/full/797.png,Fire,,,
Kartana,https://assets.pokemon.com/assets/cms2/img/pokedex/full/798.png,Fire,,,
Guzzlord,https://assets.pokemon.com/assets/cms2/img/pokedex/full/799.png,Fairy, Ice,,
Necrozma,https://assets.pokemon.com/assets/cms2/img/pokedex/full/800.png,Ghost, Ghost, Ground, Ghost
Magearna,https://assets.pokemon.com/assets/cms2/img/pokedex/full/801.png,Fire,,,
